Year,Annualized CPI,Inflation Rate (%)
2025,339.8295562026387,
2026,353.1825348691212,
2027,354.5729052551246,
2024–2026,,
